time,tag,tr,flag
2023-11-13 19:06:08.949231,ct,,
2023-11-13 19:06:09.527711,click,,
2023-11-13 19:06:09.779078,ct,0.57848,correct comission
2023-11-13 19:06:10.155989,click,,
2023-11-13 19:06:10.614275,mt,0.376911,comission error
2023-11-13 19:06:11.449392,ct,,omission error
2023-11-13 19:06:11.930649,click,,
2023-11-13 19:06:12.275197,ct,0.481257,correct comission
2023-11-13 19:06:12.615691,click,,
2023-11-13 19:06:13.115941,ct,0.340494,correct comission
2023-11-13 19:06:14.075638,click,,
2023-11-13 19:06:13.958268,ct,0.959697,correct comission
2023-11-13 19:06:14.781350,click,,
2023-11-13 19:06:14.800877,ct,0.823082,correct comission
2023-11-13 19:06:15.639422,ct,,omission error
2023-11-13 19:06:16.482416,ct,,omission error
2023-11-13 19:06:17.312011,ct,,omission error
2023-11-13 19:06:18.151132,ct,,omission error
2023-11-13 19:06:18.998216,ct,,omission error
2023-11-13 19:06:19.830382,ct,,omission error
2023-11-13 19:06:20.654266,ct,,omission error
2023-11-13 19:06:21.491526,ct,,omission error
2023-11-13 19:06:22.339585,ct,,omission error
2023-11-13 19:06:23.188746,mt,,correct omission
2023-11-13 19:06:24.025622,ct,,omission error
2023-11-13 19:06:24.861879,ct,,omission error
2023-11-13 19:06:25.697451,ct,,omission error
2023-11-13 19:06:26.534270,ct,,omission error
2023-11-13 19:06:27.366668,ct,,omission error
2023-11-13 19:06:28.197097,mt,,correct omission
2023-11-13 19:06:29.035345,ct,,omission error
2023-11-13 19:06:29.867967,ct,,omission error
2023-11-13 19:06:30.693076,ct,,omission error
2023-11-13 19:06:31.525739,ct,,omission error
2023-11-13 19:06:32.365405,ct,,omission error
2023-11-13 19:06:33.206483,ct,,omission error
2023-11-13 19:06:34.045975,ct,,omission error
2023-11-13 19:06:34.891049,ct,,omission error
2023-11-13 19:06:35.729231,ct,,omission error
2023-11-13 19:06:36.571680,ct,,omission error
2023-11-13 19:06:37.406922,ct,,omission error
2023-11-13 19:06:38.245721,ct,,omission error
2023-11-13 19:06:39.078756,mt,,correct omission
2023-11-13 19:06:39.907563,ct,,omission error
2023-11-13 19:06:40.739084,ct,,omission error
2023-11-13 19:06:41.627890,ct,,omission error
2023-11-13 19:06:42.180157,click,,
2023-11-13 19:06:42.451050,ct,0.552267,correct comission
2023-11-13 19:06:42.925807,click,,
2023-11-13 19:06:43.299014,ct,0.474757,correct comission
2023-11-13 19:06:43.826399,click,,
2023-11-13 19:06:44.143305,ct,0.527385,correct comission
2023-11-13 19:06:44.610550,click,,
2023-11-13 19:06:44.985815,ct,0.467245,correct comission
2023-11-13 19:06:45.341428,click,,
2023-11-13 19:06:45.831557,ct,0.355613,correct comission
2023-11-13 19:06:46.195667,click,,
2023-11-13 19:06:46.665136,mt,0.36411,comission error
2023-11-13 19:06:47.730444,click,,
2023-11-13 19:06:47.502264,ct,1.065308,correct comission
2023-11-13 19:06:48.445871,click,,
2023-11-13 19:06:48.347577,ct,0.943607,correct comission
2023-11-13 19:06:49.316457,click,,
2023-11-13 19:06:49.194324,ct,0.96888,correct comission
2023-11-13 19:06:50.000815,click,,
2023-11-13 19:06:50.028789,ct,0.806491,correct comission
2023-11-13 19:06:50.690379,click,,
2023-11-13 19:06:50.872876,ct,0.66159,correct comission
2023-11-13 19:06:51.476769,click,,
2023-11-13 19:06:51.702337,ct,0.603893,correct comission
2023-11-13 19:06:52.238684,click,,
2023-11-13 19:06:52.528957,ct,0.536347,correct comission
2023-11-13 19:06:52.901373,click,,
2023-11-13 19:06:53.369139,ct,0.372416,correct comission
2023-11-13 19:06:53.702549,click,,
2023-11-13 19:06:54.204537,ct,0.33341,correct comission
2023-11-13 19:06:55.302538,click,,
2023-11-13 19:06:55.040282,ct,1.098001,correct comission
2023-11-13 19:06:56.169271,click,,
2023-11-13 19:06:55.872659,ct,1.128989,correct comission
2023-11-13 19:06:56.949692,click,,
2023-11-13 19:06:56.701893,ct,1.077033,correct comission
2023-11-13 19:06:57.826260,click,,
2023-11-13 19:06:57.543451,mt,1.124367,comission error
2023-11-13 19:06:58.596057,click,,
2023-11-13 19:06:58.389357,ct,1.052606,correct comission
2023-11-13 19:06:59.398538,click,,
2023-11-13 19:06:59.241088,mt,1.009181,comission error
2023-11-13 19:07:00.125163,click,,
2023-11-13 19:07:00.076386,ct,0.884075,correct comission
2023-11-13 19:07:00.936656,click,,
2023-11-13 19:07:00.912648,ct,0.86027,correct comission
2023-11-13 19:07:01.777078,click,,
2023-11-13 19:07:01.751682,ct,0.86443,correct comission
2023-11-13 19:07:02.421108,click,,
2023-11-13 19:07:02.587916,ct,0.669426,correct comission
2023-11-13 19:07:03.048066,click,,
2023-11-13 19:07:03.416962,ct,0.46015,correct comission
2023-11-13 19:07:03.950012,click,,
2023-11-13 19:07:04.254368,ct,0.53305,correct comission
2023-11-13 19:07:04.951759,click,,
2023-11-13 19:07:05.090131,ct,0.697391,correct comission
2023-11-13 19:07:05.785197,click,,
2023-11-13 19:07:05.922313,ct,0.695066,correct comission
2023-11-13 19:07:06.616025,click,,
2023-11-13 19:07:06.768270,ct,0.693712,correct comission
2023-11-13 19:07:07.443653,click,,
2023-11-13 19:07:07.616931,ct,0.675383,correct comission
2023-11-13 19:07:08.289494,click,,
2023-11-13 19:07:08.461339,ct,0.672563,correct comission
2023-11-13 19:07:09.019431,click,,
2023-11-13 19:07:09.291638,ct,0.558092,correct comission
2023-11-13 19:07:09.831468,click,,
2023-11-13 19:07:10.121990,ct,0.53983,correct comission
2023-11-13 19:07:10.560617,click,,
2023-11-13 19:07:10.949248,ct,0.438627,correct comission
2023-11-13 19:07:11.429594,click,,
2023-11-13 19:07:11.794451,ct,0.480346,correct comission
2023-11-13 19:07:12.183072,click,,
2023-11-13 19:07:12.647326,ct,0.388621,correct comission
2023-11-13 19:07:13.738231,click,,
2023-11-13 19:07:13.493709,mt,1.090905,comission error
2023-11-13 19:07:14.634611,click,,
2023-11-13 19:07:14.328200,ct,1.140902,correct comission
2023-11-13 19:07:15.162048,ct,,omission error
2023-11-13 19:07:15.523791,click,,
2023-11-13 19:07:15.999598,ct,0.361743,correct comission
2023-11-13 19:07:17.122975,click,,
2023-11-13 19:07:16.833114,ct,1.123377,correct comission
2023-11-13 19:07:17.661728,ct,,omission error
2023-11-13 19:07:18.009622,click,,
2023-11-13 19:07:18.495317,ct,0.347894,correct comission
2023-11-13 19:07:19.643845,click,,
2023-11-13 19:07:19.331245,ct,1.148528,correct comission
2023-11-13 19:07:20.330946,click,,
2023-11-13 19:07:20.168864,ct,0.999701,correct comission
2023-11-13 19:07:20.988274,ct,,omission error
2023-11-13 19:07:21.347742,click,,
2023-11-13 19:07:21.825727,mt,0.359468,comission error
2023-11-13 19:07:22.214566,click,,
2023-11-13 19:07:22.662505,ct,0.388839,correct comission
2023-11-13 19:07:23.146566,click,,
2023-11-13 19:07:23.498851,mt,0.484061,comission error
2023-11-13 19:07:23.927453,click,,
2023-11-13 19:07:24.332011,ct,0.428602,correct comission
2023-11-13 19:07:24.714320,click,,
2023-11-13 19:07:25.163204,ct,0.382309,correct comission
2023-11-13 19:07:25.750217,click,,
2023-11-13 19:07:25.995944,ct,0.587013,correct comission
2023-11-13 19:07:26.468287,click,,
2023-11-13 19:07:26.832436,ct,0.472343,correct comission
2023-11-13 19:07:27.315093,click,,
2023-11-13 19:07:27.662667,ct,0.482657,correct comission
2023-11-13 19:07:28.194427,click,,
2023-11-13 19:07:28.504791,ct,0.53176,correct comission
2023-11-13 19:07:28.943446,click,,
2023-11-13 19:07:29.331700,ct,0.438655,correct comission
2023-11-13 19:07:29.667555,click,,
2023-11-13 19:07:30.171441,ct,0.335855,correct comission
2023-11-13 19:07:31.029430,ct,,omission error
2023-11-13 19:07:31.476767,click,,
2023-11-13 19:07:31.869374,ct,0.447337,correct comission
2023-11-13 19:07:32.344400,click,,
2023-11-13 19:07:32.720593,ct,0.475026,correct comission
2023-11-13 19:07:33.269324,click,,
2023-11-13 19:07:33.547716,ct,0.548731,correct comission
2023-11-13 19:07:34.044648,click,,
2023-11-13 19:07:34.393826,ct,0.496932,correct comission
2023-11-13 19:07:34.887030,click,,
2023-11-13 19:07:35.236778,ct,0.493204,correct comission
2023-11-13 19:07:35.753978,click,,
2023-11-13 19:07:36.075434,ct,0.5172,correct comission
2023-11-13 19:07:36.571057,click,,
2023-11-13 19:07:36.913611,ct,0.495623,correct comission
2023-11-13 19:07:37.511806,click,,
2023-11-13 19:07:37.750922,mt,0.598195,comission error
2023-11-13 19:07:38.267561,click,,
2023-11-13 19:07:38.584108,ct,0.516639,correct comission
2023-11-13 19:07:39.157827,click,,
2023-11-13 19:07:39.416338,ct,0.573719,correct comission
2023-11-13 19:07:39.945414,click,,
2023-11-13 19:07:40.247533,ct,0.529076,correct comission
2023-11-13 19:07:40.758756,click,,
2023-11-13 19:07:41.088973,ct,0.511223,correct comission
2023-11-13 19:07:41.656128,click,,
2023-11-13 19:07:41.950380,ct,0.567155,correct comission
2023-11-13 19:07:42.488996,click,,
2023-11-13 19:07:42.789320,ct,0.538616,correct comission
2023-11-13 19:07:43.341434,click,,
2023-11-13 19:07:43.652066,ct,0.552114,correct comission
2023-11-13 19:07:44.025140,click,,
2023-11-13 19:07:44.497438,ct,0.373074,correct comission
2023-11-13 19:07:45.335550,ct,,omission error
2023-11-13 19:07:45.661294,click,,
2023-11-13 19:07:46.165186,ct,0.325744,correct comission
2023-11-13 19:07:47.220980,click,,
2023-11-13 19:07:46.994458,mt,1.055794,comission error
2023-11-13 19:07:48.020523,click,,
2023-11-13 19:07:47.832400,ct,1.026065,correct comission
2023-11-13 19:07:48.864409,click,,
2023-11-13 19:07:48.673037,ct,1.032009,correct comission
2023-11-13 19:07:49.676038,click,,
2023-11-13 19:07:49.508772,ct,1.003001,correct comission
2023-11-13 19:07:50.443461,click,,
2023-11-13 19:07:50.330351,ct,0.934689,correct comission
2023-11-13 19:07:51.227978,click,,
2023-11-13 19:07:51.169202,mt,0.897627,comission error
2023-11-13 19:07:51.932140,click,,
2023-11-13 19:07:52.004470,ct,0.762938,correct comission
2023-11-13 19:07:52.731079,click,,
2023-11-13 19:07:52.840249,ct,0.726609,correct comission
2023-11-13 19:07:53.406405,click,,
2023-11-13 19:07:53.673552,ct,0.566156,correct comission
2023-11-13 19:07:54.191684,click,,
2023-11-13 19:07:54.510643,ct,0.518132,correct comission
2023-11-13 19:07:55.340439,ct,,omission error
2023-11-13 19:07:56.019676,click,,
2023-11-13 19:07:56.190588,ct,0.679237,correct comission
2023-11-13 19:07:56.700042,click,,
2023-11-13 19:07:57.028527,ct,0.509454,correct comission
2023-11-13 19:07:57.384359,click,,
2023-11-13 19:07:57.866601,ct,0.355832,correct comission
2023-11-13 19:07:58.814621,click,,
2023-11-13 19:07:58.707430,mt,0.94802,comission error
2023-11-13 19:07:59.540032,click,,
2023-11-13 19:07:59.544452,ct,0.832602,correct comission
2023-11-13 19:08:00.249645,click,,
2023-11-13 19:08:00.381496,ct,0.705193,correct comission
2023-11-13 19:08:01.001486,click,,
2023-11-13 19:08:01.230658,ct,0.61999,correct comission
2023-11-13 19:08:01.739501,click,,
2023-11-13 19:08:02.083423,ct,0.508843,correct comission
2023-11-13 19:08:02.409511,click,,
2023-11-13 19:08:02.922640,ct,0.326088,correct comission
2023-11-13 19:08:03.835213,click,,
2023-11-13 19:08:03.755235,ct,0.912573,correct comission
2023-11-13 19:08:04.623108,click,,
2023-11-13 19:08:04.589000,ct,0.867873,correct comission
2023-11-13 19:08:05.304039,click,,
2023-11-13 19:08:05.416639,ct,0.715039,correct comission
2023-11-13 19:08:06.080792,click,,
2023-11-13 19:08:06.251492,ct,0.664153,correct comission
2023-11-13 19:08:07.386531,click,,
2023-11-13 19:08:07.093524,mt,1.135039,comission error
2023-11-13 19:08:07.931668,ct,,omission error
2023-11-13 19:08:08.301020,click,,
2023-11-13 19:08:08.772847,ct,0.369352,correct comission
2023-11-13 19:08:09.356759,click,,
2023-11-13 19:08:09.607190,ct,0.583912,correct comission
2023-11-13 19:08:10.153406,click,,
2023-11-13 19:08:10.438682,ct,0.546216,correct comission
2023-11-13 19:08:10.873902,click,,
2023-11-13 19:08:11.283676,ct,0.43522,correct comission
2023-11-13 19:08:11.805484,click,,
2023-11-13 19:08:12.131215,ct,0.521808,correct comission
2023-11-13 19:08:12.701073,click,,
2023-11-13 19:08:12.963452,ct,0.569858,correct comission
2023-11-13 19:08:13.360419,click,,
2023-11-13 19:08:13.797519,ct,0.396967,correct comission
2023-11-13 19:08:14.321502,click,,
2023-11-13 19:08:14.633740,ct,0.523983,correct comission
2023-11-13 19:08:15.659705,click,,
2023-11-13 19:08:15.476457,ct,1.025965,correct comission
2023-11-13 19:08:16.628608,click,,
2023-11-13 19:08:16.313066,ct,1.152151,correct comission
2023-11-13 19:08:17.293267,click,,
2023-11-13 19:08:17.138102,ct,0.980201,correct comission
2023-11-13 19:08:17.966555,click,,
2023-11-13 19:08:17.986336,ct,0.828453,correct comission
2023-11-13 19:08:18.712257,click,,
2023-11-13 19:08:18.829093,ct,0.725921,correct comission
2023-11-13 19:08:19.608819,click,,
2023-11-13 19:08:19.666171,ct,0.779726,correct comission
2023-11-13 19:08:20.410416,click,,
2023-11-13 19:08:20.507911,mt,0.744245,comission error
2023-11-13 19:08:21.476827,click,,
2023-11-13 19:08:21.346953,ct,0.968916,correct comission
2023-11-13 19:08:22.285106,click,,
2023-11-13 19:08:22.184746,ct,0.938153,correct comission
2023-11-13 19:08:23.031674,ct,,omission error
2023-11-13 19:08:23.876064,mt,,correct omission
2023-11-13 19:08:24.286478,click,,
2023-11-13 19:08:24.703339,ct,0.410414,correct comission
2023-11-13 19:08:25.147683,click,,
2023-11-13 19:08:25.526815,ct,0.444344,correct comission
2023-11-13 19:08:25.888127,click,,
2023-11-13 19:08:26.367805,ct,0.361312,correct comission
2023-11-13 19:08:26.739019,click,,
2023-11-13 19:08:27.202428,ct,0.371214,correct comission
2023-11-13 19:08:28.141483,click,,
2023-11-13 19:08:28.038096,ct,0.939055,correct comission
2023-11-13 19:08:28.868554,ct,,omission error
2023-11-13 19:08:29.706511,ct,,omission error
2023-11-13 19:08:30.564854,ct,,omission error
2023-11-13 19:08:31.408062,ct,,omission error
2023-11-13 19:08:31.980356,click,,
2023-11-13 19:08:32.243830,ct,0.572294,correct comission
2023-11-13 19:08:32.681471,click,,
2023-11-13 19:08:33.079931,ct,0.437641,correct comission
2023-11-13 19:08:34.112314,click,,
2023-11-13 19:08:33.926897,mt,1.032383,comission error
2023-11-13 19:08:34.781221,ct,,omission error
2023-11-13 19:08:35.167622,click,,
2023-11-13 19:08:35.612401,ct,0.386401,correct comission
2023-11-13 19:08:36.028424,click,,
2023-11-13 19:08:36.445504,ct,0.416023,correct comission
2023-11-13 19:08:36.909977,click,,
2023-11-13 19:08:37.281042,ct,0.464473,correct comission
2023-11-13 19:08:37.744594,click,,
2023-11-13 19:08:38.117641,ct,0.463552,correct comission
2023-11-13 19:08:39.249047,click,,
2023-11-13 19:08:38.949376,ct,1.131406,correct comission
2023-11-13 19:08:39.917623,click,,
2023-11-13 19:08:39.789273,ct,0.968247,correct comission
2023-11-13 19:08:40.739740,click,,
2023-11-13 19:08:40.616875,ct,0.950467,correct comission
2023-11-13 19:08:41.533935,click,,
2023-11-13 19:08:41.455982,ct,0.91706,correct comission
2023-11-13 19:08:42.226663,click,,
2023-11-13 19:08:42.296000,ct,0.770681,correct comission
2023-11-13 19:08:43.029133,click,,
2023-11-13 19:08:43.137089,ct,0.733133,correct comission
2023-11-13 19:08:43.550235,click,,
2023-11-13 19:08:43.968062,ct,0.413146,correct comission
2023-11-13 19:08:44.401802,click,,
2023-11-13 19:08:44.818838,mt,0.43374,comission error
2023-11-13 19:08:45.681083,click,,
2023-11-13 19:08:45.668320,ct,0.862245,correct comission
2023-11-13 19:08:46.625209,click,,
2023-11-13 19:08:46.490147,ct,0.956889,correct comission
2023-11-13 19:08:47.486486,click,,
2023-11-13 19:08:47.332869,ct,0.996339,correct comission
2023-11-13 19:08:48.349564,click,,
2023-11-13 19:08:48.167913,ct,1.016695,correct comission
2023-11-13 19:08:49.252655,click,,
2023-11-13 19:08:48.995083,mt,1.084742,comission error
2023-11-13 19:08:50.032461,click,,
2023-11-13 19:08:49.827914,ct,1.037378,correct comission
2023-11-13 19:08:50.919223,click,,
2023-11-13 19:08:50.657438,ct,1.091309,correct comission
2023-11-13 19:08:51.809860,click,,
2023-11-13 19:08:51.498107,ct,1.152422,correct comission
2023-11-13 19:08:52.498093,click,,
2023-11-13 19:08:52.329787,ct,0.999986,correct comission
2023-11-13 19:08:53.185732,click,,
2023-11-13 19:08:53.162186,ct,0.855945,correct comission
2023-11-13 19:08:53.919472,click,,
2023-11-13 19:08:53.996567,ct,0.757286,correct comission
2023-11-13 19:08:54.625835,click,,
2023-11-13 19:08:54.833711,ct,0.629268,correct comission
2023-11-13 19:08:55.427305,click,,
2023-11-13 19:08:55.671456,ct,0.593594,correct comission
2023-11-13 19:08:56.012788,click,,
2023-11-13 19:08:56.497380,ct,0.341332,correct comission
2023-11-13 19:08:57.322663,click,,
2023-11-13 19:08:57.332198,ct,0.825283,correct comission
2023-11-13 19:08:58.136512,click,,
2023-11-13 19:08:58.160662,ct,0.804314,correct comission
2023-11-13 19:08:58.881897,click,,
2023-11-13 19:08:58.995231,ct,0.721235,correct comission
2023-11-13 19:08:59.587091,click,,
2023-11-13 19:08:59.830165,ct,0.59186,correct comission
2023-11-13 19:09:00.325178,click,,
2023-11-13 19:09:00.659858,ct,0.495013,correct comission
2023-11-13 19:09:01.012385,click,,
2023-11-13 19:09:01.511188,ct,0.352527,correct comission
2023-11-13 19:09:02.417587,click,,
2023-11-13 19:09:02.348172,ct,0.906399,correct comission
2023-11-13 19:09:03.159313,click,,
2023-11-13 19:09:03.189408,mt,0.811141,comission error
2023-11-13 19:09:03.920438,click,,
2023-11-13 19:09:04.041963,ct,0.73103,correct comission
2023-11-13 19:09:04.624285,click,,
2023-11-13 19:09:04.869444,ct,0.582322,correct comission
2023-11-13 19:09:05.431276,click,,
2023-11-13 19:09:05.701705,ct,0.561832,correct comission
2023-11-13 19:09:06.177072,click,,
2023-11-13 19:09:06.534949,mt,0.475367,comission error
2023-11-13 19:09:07.526568,click,,
2023-11-13 19:09:07.377010,ct,0.991619,correct comission
2023-11-13 19:09:08.276638,click,,
2023-11-13 19:09:08.216982,ct,0.899628,correct comission
2023-11-13 19:09:09.049728,click,,
2023-11-13 19:09:09.058376,ct,0.832746,correct comission
2023-11-13 19:09:09.827300,click,,
2023-11-13 19:09:09.906484,ct,0.768924,correct comission
2023-11-13 19:09:10.659188,click,,
2023-11-13 19:09:10.743000,ct,0.752704,correct comission
2023-11-13 19:09:11.455387,click,,
2023-11-13 19:09:11.579258,ct,0.712387,correct comission
2023-11-13 19:09:12.292316,click,,
2023-11-13 19:09:12.413185,ct,0.713058,correct comission
2023-11-13 19:09:13.058482,click,,
2023-11-13 19:09:13.248833,mt,0.645297,comission error
2023-11-13 19:09:13.890075,click,,
2023-11-13 19:09:14.079584,ct,0.641242,correct comission
2023-11-13 19:09:14.659035,click,,
2023-11-13 19:09:14.917371,ct,0.579451,correct comission
2023-11-13 19:09:15.408933,click,,
2023-11-13 19:09:15.755114,ct,0.491562,correct comission
2023-11-13 19:09:16.163568,click,,
2023-11-13 19:09:16.576732,ct,0.408454,correct comission
2023-11-13 19:09:17.605835,click,,
2023-11-13 19:09:17.427280,ct,1.029103,correct comission
2023-11-13 19:09:18.405344,click,,
2023-11-13 19:09:18.267420,ct,0.978064,correct comission
2023-11-13 19:09:19.175684,click,,
2023-11-13 19:09:19.197468,ct,0.908264,correct comission
2023-11-13 19:09:19.907929,click,,
2023-11-13 19:09:20.036902,ct,0.710461,correct comission
2023-11-13 19:09:20.773149,click,,
2023-11-13 19:09:20.873521,ct,0.736247,correct comission
2023-11-13 19:09:21.621777,click,,
2023-11-13 19:09:21.707427,ct,0.748256,correct comission
2023-11-13 19:09:22.404731,click,,
2023-11-13 19:09:22.545126,ct,0.697304,correct comission
2023-11-13 19:09:23.123275,click,,
2023-11-13 19:09:23.371321,ct,0.578149,correct comission
2023-11-13 19:09:23.907449,click,,
2023-11-13 19:09:24.209313,ct,0.536128,correct comission
2023-11-13 19:09:24.777761,click,,
2023-11-13 19:09:25.045862,ct,0.568448,correct comission
2023-11-13 19:09:25.620549,click,,
2023-11-13 19:09:25.875614,ct,0.574687,correct comission
2023-11-13 19:09:26.393954,click,,
2023-11-13 19:09:26.717661,mt,0.51834,comission error
2023-11-13 19:09:27.156212,click,,
2023-11-13 19:09:27.545685,ct,0.438551,correct comission
2023-11-13 19:09:27.872949,click,,
2023-11-13 19:09:28.381074,ct,0.327264,correct comission
2023-11-13 19:09:29.335509,click,,
2023-11-13 19:09:29.221086,ct,0.954435,correct comission
2023-11-13 19:09:30.214912,click,,
2023-11-13 19:09:30.053480,ct,0.993826,correct comission
2023-11-13 19:09:30.935974,click,,
2023-11-13 19:09:30.900394,ct,0.882494,correct comission
2023-11-13 19:09:31.632028,click,,
2023-11-13 19:09:31.743544,ct,0.731634,correct comission
2023-11-13 19:09:32.442936,click,,
2023-11-13 19:09:32.580889,mt,0.699392,comission error
2023-11-13 19:09:33.449896,click,,
2023-11-13 19:09:33.416281,ct,0.869007,correct comission
2023-11-13 19:09:34.123150,click,,
2023-11-13 19:09:34.243473,ct,0.706869,correct comission
2023-11-13 19:09:35.088619,click,,
2023-11-13 19:09:35.089530,ct,0.845146,correct comission
2023-11-13 19:09:35.968475,click,,
2023-11-13 19:09:35.922577,ct,0.878945,correct comission
2023-11-13 19:09:36.647545,click,,
2023-11-13 19:09:36.759982,ct,0.724968,correct comission
2023-11-13 19:09:37.288710,click,,
2023-11-13 19:09:37.600792,mt,0.528728,comission error
2023-11-13 19:09:38.274228,click,,
2023-11-13 19:09:38.444341,ct,0.673436,correct comission
2023-11-13 19:09:38.953580,click,,
2023-11-13 19:09:39.289222,ct,0.509239,correct comission
2023-11-13 19:09:40.106793,click,,
2023-11-13 19:09:40.130874,ct,0.817571,correct comission
2023-11-13 19:09:40.693334,click,,
2023-11-13 19:09:40.978386,ct,0.56246,correct comission
2023-11-13 19:09:41.821628,ct,,omission error
2023-11-13 19:09:42.489141,click,,
2023-11-13 19:09:42.665261,ct,0.667513,correct comission
2023-11-13 19:09:43.156483,click,,
2023-11-13 19:09:43.509497,ct,0.491222,correct comission
2023-11-13 19:09:44.506856,click,,
2023-11-13 19:09:44.348437,ct,0.997359,correct comission
2023-11-13 19:09:45.096483,click,,
2023-11-13 19:09:45.195844,ct,0.748046,correct comission
2023-11-13 19:09:45.732501,click,,
2023-11-13 19:09:46.039958,ct,0.536657,correct comission
2023-11-13 19:09:46.898980,click,,
2023-11-13 19:09:46.875804,ct,0.859022,correct comission
2023-11-13 19:09:47.780643,click,,
2023-11-13 19:09:47.713066,ct,0.904839,correct comission
2023-11-13 19:09:48.505090,click,,
2023-11-13 19:09:48.546374,ct,0.792024,correct comission
2023-11-13 19:09:49.142093,click,,
2023-11-13 19:09:49.375522,ct,0.595719,correct comission
2023-11-13 19:09:49.814024,click,,
2023-11-13 19:09:50.215826,ct,0.438502,correct comission
2023-11-13 19:09:50.563975,click,,
2023-11-13 19:09:51.041840,mt,0.348149,comission error
2023-11-13 19:09:51.972461,click,,
2023-11-13 19:09:51.872157,ct,0.930621,correct comission
2023-11-13 19:09:52.675692,click,,
2023-11-13 19:09:52.710336,ct,0.803535,correct comission
2023-11-13 19:09:53.356003,click,,
2023-11-13 19:09:53.548117,ct,0.645667,correct comission
2023-11-13 19:09:54.058511,click,,
2023-11-13 19:09:54.381209,mt,0.510394,comission error
2023-11-13 19:09:54.711270,click,,
2023-11-13 19:09:55.239166,ct,0.330061,correct comission
2023-11-13 19:09:55.992040,click,,
2023-11-13 19:09:56.081794,ct,0.752874,correct comission
2023-11-13 19:09:56.584281,click,,
2023-11-13 19:09:56.919938,ct,0.502487,correct comission
2023-11-13 19:09:57.241536,click,,
2023-11-13 19:09:57.757237,ct,0.321598,correct comission
2023-11-13 19:09:58.277440,click,,
2023-11-13 19:09:58.607314,ct,0.520203,correct comission
2023-11-13 19:09:59.065786,click,,
2023-11-13 19:09:59.449477,ct,0.458472,correct comission
2023-11-13 19:10:00.301108,ct,,omission error
2023-11-13 19:10:00.996456,click,,
2023-11-13 19:10:01.133640,ct,0.695348,correct comission
2023-11-13 19:10:01.959238,click,,
2023-11-13 19:10:01.975988,ct,0.825598,correct comission
2023-11-13 19:10:02.817834,mt,,correct omission
2023-11-13 19:10:03.846920,click,,
2023-11-13 19:10:03.661539,ct,1.029086,correct comission
2023-11-13 19:10:04.471266,click,,
2023-11-13 19:10:04.502091,ct,0.809727,correct comission
2023-11-13 19:10:05.221890,click,,
2023-11-13 19:10:05.337239,ct,0.719799,correct comission
2023-11-13 19:10:06.291617,click,,
2023-11-13 19:10:06.170839,ct,0.954378,correct comission
2023-11-13 19:10:06.856626,click,,
2023-11-13 19:10:07.014065,ct,0.685787,correct comission
2023-11-13 19:10:07.607093,click,,
2023-11-13 19:10:07.847929,ct,0.593028,correct comission
2023-11-13 19:10:08.299829,click,,
2023-11-13 19:10:08.675835,ct,0.4519,correct comission
2023-11-13 19:10:09.507370,ct,,omission error
2023-11-13 19:10:09.843828,click,,
2023-11-13 19:10:10.345422,ct,0.336458,correct comission
2023-11-13 19:10:11.224165,click,,
2023-11-13 19:10:11.177993,ct,0.878743,correct comission
2023-11-13 19:10:11.830451,click,,
2023-11-13 19:10:12.025307,ct,0.652458,correct comission
2023-11-13 19:10:12.474084,click,,
2023-11-13 19:10:12.880645,ct,0.448777,correct comission
2023-11-13 19:10:13.245971,click,,
2023-11-13 19:10:13.707831,ct,0.365326,correct comission
2023-11-13 19:10:14.711869,click,,
2023-11-13 19:10:14.543671,ct,1.004038,correct comission
2023-11-13 19:10:15.350403,click,,
2023-11-13 19:10:15.383339,ct,0.806732,correct comission
2023-11-13 19:10:16.059348,click,,
2023-11-13 19:10:16.222225,ct,0.676009,correct comission
2023-11-13 19:10:17.068335,ct,,omission error
2023-11-13 19:10:17.641872,click,,
2023-11-13 19:10:17.913357,ct,0.573537,correct comission
2023-11-13 19:10:18.379426,click,,
2023-11-13 19:10:18.753779,mt,0.466069,comission error
2023-11-13 19:10:19.595708,ct,,omission error
2023-11-13 19:10:20.119780,click,,
2023-11-13 19:10:20.425327,ct,0.524072,correct comission
2023-11-13 19:10:20.799240,click,,
2023-11-13 19:10:21.252281,ct,0.373913,correct comission
2023-11-13 19:10:22.138249,click,,
2023-11-13 19:10:22.092419,mt,0.885968,comission error
2023-11-13 19:10:22.731801,click,,
2023-11-13 19:10:22.928983,ct,0.639382,correct comission
2023-11-13 19:10:23.462805,click,,
2023-11-13 19:10:23.764812,ct,0.533822,correct comission
2023-11-13 19:10:24.734416,click,,
2023-11-13 19:10:24.599764,ct,0.969604,correct comission
2023-11-13 19:10:25.335666,click,,
2023-11-13 19:10:25.439641,ct,0.735902,correct comission
2023-11-13 19:10:26.142487,click,,
2023-11-13 19:10:26.265936,ct,0.702846,correct comission
2023-11-13 19:10:27.004132,click,,
2023-11-13 19:10:27.105501,ct,0.738196,correct comission
2023-11-13 19:10:27.768504,click,,
2023-11-13 19:10:27.944338,ct,0.663003,correct comission
2023-11-13 19:10:28.634677,click,,
2023-11-13 19:10:28.785309,ct,0.690339,correct comission
2023-11-13 19:10:29.356157,click,,
2023-11-13 19:10:29.620689,ct,0.570848,correct comission
2023-11-13 19:10:30.465097,ct,,omission error
2023-11-13 19:10:30.874287,click,,
2023-11-13 19:10:31.295691,ct,0.40919,correct comission
2023-11-13 19:10:32.071897,click,,
2023-11-13 19:10:32.135198,ct,0.776206,correct comission
2023-11-13 19:10:32.831032,click,,
2023-11-13 19:10:32.969063,ct,0.695834,correct comission
2023-11-13 19:10:33.582613,click,,
2023-11-13 19:10:33.801307,ct,0.61355,correct comission
2023-11-13 19:10:34.394404,click,,
2023-11-13 19:10:34.640903,ct,0.593097,correct comission
2023-11-13 19:10:35.768445,click,,
2023-11-13 19:10:35.483367,mt,1.127542,comission error
2023-11-13 19:10:36.323298,ct,,omission error
2023-11-13 19:10:36.683989,click,,
2023-11-13 19:10:37.169925,ct,0.360691,correct comission
2023-11-13 19:10:37.611888,click,,
2023-11-13 19:10:38.009975,ct,0.441963,correct comission
2023-11-13 19:10:38.334180,click,,
2023-11-13 19:10:38.845111,ct,0.324205,correct comission
2023-11-13 19:10:39.772548,click,,
2023-11-13 19:10:39.670081,ct,0.927437,correct comission
2023-11-13 19:10:40.515717,ct,,omission error
2023-11-13 19:10:40.876195,click,,
2023-11-13 19:10:41.345915,ct,0.360478,correct comission
2023-11-13 19:10:41.886134,click,,
2023-11-13 19:10:42.184488,mt,0.540219,comission error
2023-11-13 19:10:42.797294,click,,
2023-11-13 19:10:43.006972,ct,0.612806,correct comission
2023-11-13 19:10:43.695727,click,,
2023-11-13 19:10:43.842987,ct,0.688755,correct comission
2023-11-13 19:10:44.553461,click,,
2023-11-13 19:10:44.675968,ct,0.710474,correct comission
2023-11-13 19:10:45.296545,click,,
2023-11-13 19:10:45.516808,ct,0.620577,correct comission
2023-11-13 19:10:46.107260,click,,
2023-11-13 19:10:46.356960,mt,0.590452,comission error
2023-11-13 19:10:46.859713,click,,
2023-11-13 19:10:47.203289,ct,0.502753,correct comission
2023-11-13 19:10:47.680826,click,,
2023-11-13 19:10:48.041195,ct,0.477537,correct comission
2023-11-13 19:10:48.475385,click,,
2023-11-13 19:10:48.886122,ct,0.43419,correct comission
2023-11-13 19:10:49.927082,click,,
2023-11-13 19:10:49.718816,ct,1.04096,correct comission
2023-11-13 19:10:50.687625,click,,
2023-11-13 19:10:50.558762,ct,0.968809,correct comission
2023-11-13 19:10:51.323343,click,,
2023-11-13 19:10:51.393323,ct,0.764581,correct comission
2023-11-13 19:10:51.822387,click,,
2023-11-13 19:10:52.232243,ct,0.429064,correct comission
2023-11-13 19:10:53.153986,click,,
2023-11-13 19:10:53.063112,ct,0.921743,correct comission
2023-11-13 19:10:53.805837,click,,
2023-11-13 19:10:53.903772,ct,0.742725,correct comission
2023-11-13 19:10:54.567545,click,,
2023-11-13 19:10:54.749664,ct,0.663773,correct comission
2023-11-13 19:10:55.308994,click,,
2023-11-13 19:10:55.591706,ct,0.55933,correct comission
2023-11-13 19:10:56.047034,click,,
2023-11-13 19:10:56.430467,ct,0.455328,correct comission
2023-11-13 19:10:56.829523,click,,
2023-11-13 19:10:57.279395,ct,0.399056,correct comission
2023-11-13 19:10:57.685182,click,,
2023-11-13 19:10:58.102375,ct,0.405787,correct comission
2023-11-13 19:10:58.521210,click,,
2023-11-13 19:10:58.937480,ct,0.418835,correct comission
2023-11-13 19:10:59.376871,click,,
2023-11-13 19:10:59.785413,mt,0.439391,comission error
2023-11-13 19:11:00.143066,click,,
2023-11-13 19:11:00.620462,ct,0.357653,correct comission
2023-11-13 19:11:01.055204,click,,
2023-11-13 19:11:01.459648,ct,0.434742,correct comission
2023-11-13 19:11:01.869107,click,,
2023-11-13 19:11:02.291375,mt,0.409459,comission error
2023-11-13 19:11:03.379593,click,,
2023-11-13 19:11:03.125733,ct,1.088218,correct comission
2023-11-13 19:11:03.962035,ct,,omission error
2023-11-13 19:11:04.458843,click,,
2023-11-13 19:11:04.811827,ct,0.496808,correct comission
2023-11-13 19:11:05.455474,click,,
2023-11-13 19:11:05.655880,ct,0.643647,correct comission
2023-11-13 19:11:06.412412,click,,
2023-11-13 19:11:06.495366,ct,0.756532,correct comission
2023-11-13 19:11:07.355944,click,,
2023-11-13 19:11:07.343139,ct,0.860578,correct comission
2023-11-13 19:11:08.367568,click,,
2023-11-13 19:11:08.180194,ct,1.024429,correct comission
2023-11-13 19:11:09.097453,click,,
2023-11-13 19:11:09.040803,ct,0.917259,correct comission
2023-11-13 19:11:09.969939,click,,
2023-11-13 19:11:09.873857,ct,0.929136,correct comission
2023-11-13 19:11:10.705407,ct,,omission error
2023-11-13 19:11:11.535004,click,,
2023-11-13 19:11:11.539628,mt,0.829597,comission error
2023-11-13 19:11:12.187291,click,,
2023-11-13 19:11:12.378036,ct,0.647663,correct comission
2023-11-13 19:11:13.070337,click,,
2023-11-13 19:11:13.209795,ct,0.692301,correct comission
2023-11-13 19:11:13.830273,click,,
2023-11-13 19:11:14.042633,ct,0.620478,correct comission
2023-11-13 19:11:14.562338,click,,
2023-11-13 19:11:14.880007,ct,0.519705,correct comission
2023-11-13 19:11:15.231763,click,,
2023-11-13 19:11:15.713413,ct,0.351756,correct comission
2023-11-13 19:11:16.686124,click,,
2023-11-13 19:11:16.552876,ct,0.972711,correct comission
2023-11-13 19:11:17.403204,click,,
2023-11-13 19:11:17.390983,ct,0.850328,correct comission
2023-11-13 19:11:18.091162,click,,
2023-11-13 19:11:18.233564,ct,0.700179,correct comission
2023-11-13 19:11:18.912453,click,,
2023-11-13 19:11:19.075798,ct,0.678889,correct comission
2023-11-13 19:11:19.789783,click,,
2023-11-13 19:11:19.918824,mt,0.713985,comission error
2023-11-13 19:11:20.514086,click,,
2023-11-13 19:11:20.752517,ct,0.595262,correct comission
2023-11-13 19:11:21.113128,click,,
2023-11-13 19:11:21.576272,ct,0.360611,correct comission
2023-11-13 19:11:21.967656,click,,
2023-11-13 19:11:22.428517,ct,0.391384,correct comission
2023-11-13 19:11:23.342790,click,,
2023-11-13 19:11:23.267300,ct,0.914273,correct comission
2023-11-13 19:11:24.110463,ct,,omission error
2023-11-13 19:11:24.490996,click,,
2023-11-13 19:11:24.950618,ct,0.380533,correct comission
2023-11-13 19:11:25.587693,click,,
2023-11-13 19:11:25.801876,ct,0.637075,correct comission
2023-11-13 19:11:26.718944,click,,
